state,numcol,yieldpercol,totalprod,stocks,priceperlb,prodvalue,year
AL,16000,71,1136000,159000,0.72,818000,1998
AZ,55000,60,3300000,1485000,0.64,2112000,1998
AR,53000,65,3445000,1688000,0.59,2033000,1998
CA,450000,83,37350000,12326000,0.62,23157000,1998
CO,27000,72,1944000,1594000,0.7,1361000,1998
FL,230000,98,22540000,4508000,0.64,14426000,1998
GA,75000,56,4200000,307000,0.69,2898000,1998
HI,8000,118,944000,66000,0.77,727000,1998
ID,120000,50,6.00E+06,2220000,0.65,3900000,1998
IL,9000,71,639000,204000,1.19,760000,1998
IN,9000,92,828000,489000,0.85,704000,1998
IA,50000,78,3900000,2301000,0.7,2730000,1998
KS,16000,46,736000,390000,0.87,640000,1998
KY,3000,50,150000,51000,1.4,210000,1998
LA,41000,111,4551000,865000,0.59,2685000,1998
ME,10000,26,260000,117000,0.69,179000,1998
MD,7000,44,308000,92000,1.1,339000,1998
MI,80000,85,6800000,3672000,0.66,4488000,1998
MN,140000,79,11060000,2765000,0.65,7189000,1998
MS,18000,86,1548000,898000,0.58,898000,1998
MO,23000,66,1518000,455000,0.76,1154000,1998
MT,115000,122,14030000,5472000,0.64,8979000,1998
NE,64000,70,4480000,2240000,0.86,3853000,1998
NV,10000,46,460000,175000,1.65,759000,1998
NJ,11000,49,539000,167000,0.76,410000,1998
NM,14000,55,770000,470000,0.76,585000,1998
NY,65000,80,5200000,2444000,0.7,3640000,1998
NC,8000,59,472000,151000,1.38,651000,1998
ND,230000,128,29440000,8832000,0.63,18547000,1998
OH,18000,78,1404000,702000,0.83,1165000,1998
OK,4000,51,204000,63000,1.24,253000,1998
OR,50000,45,2250000,1620000,0.9,2025000,1998
PA,26000,66,1716000,789000,0.8,1373000,1998
SD,225000,95,21375000,10901000,0.64,13680000,1998
TN,7000,64,448000,121000,1.32,591000,1998
TX,91000,77,7007000,1612000,0.62,4344000,1998
UT,30000,58,1740000,557000,0.65,1131000,1998
VT,6000,64,384000,207000,0.85,326000,1998
VA,8000,37,296000,86000,1.33,394000,1998
WA,58000,51,2958000,1361000,0.64,1893000,1998
WV,6000,55,330000,155000,1.14,376000,1998
WI,89000,91,8099000,5264000,0.72,5831000,1998
WY,46000,60,2760000,524000,0.68,1877000,1998
AL,17000,68,1156000,185000,0.56,647000,1999
AZ,52000,62,3224000,1548000,0.62,1999000,1999
AR,52000,89,4628000,2592000,0.53,2453000,1999
CA,465000,60,27900000,9486000,0.55,15345000,1999
CO,27000,76,2052000,1436000,0.68,1395000,1999
FL,228000,102,23256000,4186000,0.53,12326000,1999
GA,65000,51,3315000,497000,0.64,2122000,1999
HI,8000,80,640000,32000,0.8,512000,1999
ID,120000,48,5760000,3110000,0.59,3398000,1999
IL,9000,66,594000,327000,1.15,683000,1999
IN,10000,81,810000,437000,0.9,729000,1999
IA,40000,65,2600000,2028000,0.65,1690000,1999
KS,13000,67,871000,854000,1.11,967000,1999
KY,3000,50,150000,12000,1.24,186000,1999
LA,48000,114,5472000,821000,0.49,2681000,1999
ME,14000,22,308000,89000,0.83,256000,1999
MD,6000,46,276000,50000,1.64,453000,1999
MI,73000,85,6205000,3475000,0.66,4095000,1999
MN,145000,82,11890000,3210000,0.61,7253000,1999
MS,18000,73,1314000,591000,0.54,710000,1999
MO,24000,65,1560000,437000,0.68,1061000,1999
MT,122000,70,8540000,2135000,0.6,5124000,1999
NE,58000,77,4466000,1965000,0.61,2724000,1999
NV,9000,45,405000,271000,1.54,624000,1999
NJ,10000,44,440000,154000,0.57,251000,1999
NM,15000,52,780000,476000,0.77,601000,1999
NY,69000,70,4830000,2077000,0.66,3188000,1999
NC,9000,46,414000,104000,1.62,671000,1999
ND,255000,105,26775000,8836000,0.59,15797000,1999
OH,20000,74,1480000,784000,0.72,1066000,1999
OK,6000,45,270000,49000,1.34,362000,1999
OR,45000,57,2565000,2026000,0.8,2052000,1999
PA,28000,60,1680000,790000,0.76,1277000,1999
SD,224000,104,23296000,13046000,0.6,13978000,1999
TN,8000,51,408000,106000,1.3,530000,1999
TX,108000,81,8748000,2799000,0.64,5599000,1999
UT,26000,45,1170000,433000,0.68,796000,1999
VT,6000,66,396000,222000,0.63,249000,1999
VA,7000,35,245000,86000,1.17,287000,1999
WA,52000,50,2600000,1170000,0.6,1560000,1999
WV,6000,39,234000,152000,1.09,255000,1999
WI,80000,75,6.00E+06,4560000,0.68,4080000,1999
WY,37000,72,2664000,746000,0.61,1625000,1999
AL,16000,78,1248000,187000,0.59,736000,2000
AZ,40000,59,2360000,1322000,0.73,1723000,2000
AR,52000,93,4836000,3337000,0.57,2757000,2000
CA,440000,70,30800000,11396000,0.59,18172000,2000
CO,29000,60,1740000,957000,0.62,1079000,2000
FL,232000,105,24360000,2923000,0.54,13154000,2000
GA,55000,57,3135000,376000,0.63,1975000,2000
HI,7000,112,784000,125000,0.82,643000,2000
ID,1.00E+05,47,4700000,2679000,0.52,2444000,2000
IL,8000,61,488000,146000,1.17,571000,2000
IN,8000,65,520000,286000,1.03,536000,2000
IA,30000,67,2010000,1206000,0.68,1367000,2000
KS,15000,68,1020000,520000,0.91,928000,2000
KY,4000,48,192000,54000,1.35,259000,2000
LA,43000,94,4042000,1334000,0.52,2102000,2000
ME,11000,21,231000,143000,0.75,173000,2000
MD,6000,46,276000,52000,1.14,315000,2000
MI,72000,75,5400000,2970000,0.6,3240000,2000
MN,150000,90,13500000,3105000,0.57,7695000,2000
MS,17000,72,1224000,649000,0.69,845000,2000
MO,23000,75,1725000,362000,0.6,1035000,2000
MT,124000,88,10912000,4692000,0.59,6438000,2000
NE,50000,87,4350000,2610000,0.59,2567000,2000
NV,10000,35,350000,95000,1.45,508000,2000
NJ,11000,35,385000,2.00E+05,0.61,235000,2000
NM,15000,64,960000,739000,0.72,691000,2000
NY,58000,80,4640000,2274000,0.55,2552000,2000
NC,11000,49,539000,243000,1.43,771000,2000
ND,3.00E+05,115,34500000,13800000,0.57,19665000,2000
OH,18000,65,1170000,585000,0.79,924000,2000
OK,7000,35,245000,64000,1.26,309000,2000
OR,48000,51,2448000,1665000,0.66,1616000,2000
PA,25000,45,1125000,630000,0.76,855000,2000
SD,235000,121,28435000,12796000,0.58,16492000,2000
TN,9000,61,549000,104000,1.43,785000,2000
TX,105000,79,8295000,2986000,0.57,4728000,2000
UT,24000,41,984000,462000,0.6,590000,2000
VT,7000,59,413000,211000,0.68,281000,2000
VA,7000,42,294000,103000,1.5,441000,2000
WA,52000,54,2808000,1151000,0.58,1629000,2000
WV,7000,54,378000,234000,1.22,461000,2000
WI,84000,90,7560000,4385000,0.68,5141000,2000
WY,39000,93,3627000,798000,0.59,2140000,2000
AL,14000,73,1022000,235000,0.72,736000,2001
AZ,43000,59,2537000,1142000,0.72,1827000,2001
AR,50000,98,4900000,1617000,0.65,3185000,2001
CA,460000,61,28060000,7857000,0.69,19361000,2001
CO,26000,55,1430000,529000,0.71,1015000,2001
FL,220000,100,2.20E+07,3432000,0.64,14080000,2001
GA,55000,57,3135000,188000,0.7,2195000,2001
HI,8000,87,696000,84000,0.87,606000,2001
ID,1.00E+05,46,4600000,1610000,0.67,3082000,2001
IL,6000,76,456000,251000,1.58,720000,2001
IN,7000,76,532000,186000,0.92,489000,2001
IA,33000,51,1683000,875000,0.75,1262000,2001
KS,13000,51,663000,530000,0.96,636000,2001
KY,4000,78,312000,125000,1.41,440000,2001
LA,45000,106,4770000,572000,0.6,2862000,2001
ME,11000,20,220000,106000,0.79,174000,2001
MD,4000,46,184000,55000,1.6,294000,2001
MI,76000,60,4560000,2827000,0.81,3694000,2001
MN,135000,81,10935000,1859000,0.65,7108000,2001
MS,17000,66,1122000,224000,0.89,999000,2001
MO,22000,61,1342000,336000,0.71,953000,2001
MT,136000,102,13872000,4578000,0.67,9294000,2001
NE,43000,48,2064000,1115000,0.72,1486000,2001
NV,9000,50,450000,36000,2.14,963000,2001
NJ,11000,34,374000,71000,0.85,318000,2001
NM,10000,70,7.00E+05,350000,0.66,462000,2001
NY,53000,70,3710000,1781000,0.79,2931000,2001
NC,13000,44,572000,172000,1.48,847000,2001
ND,280000,96,26880000,9408000,0.69,18547000,2001
OH,18000,81,1458000,569000,1.01,1473000,2001
OK,4000,47,188000,105000,1.43,269000,2001
OR,44000,44,1936000,1200000,0.74,1433000,2001
PA,26000,57,1482000,785000,0.92,1363000,2001
SC,7000,40,280000,67000,0.79,221000,2001
SD,235000,65,15275000,12220000,0.71,10845000,2001
TN,8000,59,472000,131000,1.39,656000,2001
TX,97000,79,7663000,1533000,0.65,4981000,2001
UT,23000,38,874000,315000,0.65,568000,2001
VT,7000,81,567000,249000,0.92,522000,2001
VA,9000,52,468000,94000,1.26,590000,2001
WA,48000,52,2496000,1048000,0.72,1797000,2001
WV,7000,65,455000,410000,1.42,646000,2001
WI,67000,81,5427000,3419000,0.82,4450000,2001
WY,38000,77,2926000,468000,0.65,1902000,2001
AL,12000,86,1032000,103000,1.18,1218000,2002
AZ,38000,63,2394000,1197000,1.08,2586000,2002
AR,45000,88,3960000,871000,1.26,4990000,2002
CA,470000,50,23500000,3525000,1.32,31020000,2002
CO,24000,60,1440000,576000,1.29,1858000,2002
FL,220000,93,20460000,2026000,1.14,23324000,2002
GA,50000,52,2600000,52000,1.13,2938000,2002
HI,7000,136,952000,29000,1.11,1057000,2002
ID,1.00E+05,57,5700000,1653000,1.37,7809000,2002
IL,9000,80,720000,130000,1.47,1058000,2002
IN,8000,62,496000,233000,1.19,590000,2002
IA,33000,70,2310000,901000,1.43,3303000,2002
KS,17000,52,884000,407000,1.5,1326000,2002
KY,5000,54,270000,78000,1.63,440000,2002
LA,35000,124,4340000,347000,1.16,5034000,2002
ME,11000,41,451000,266000,1.21,546000,2002
MD,3000,46,138000,21000,1.96,270000,2002
MI,72000,77,5544000,1885000,1.4,7762000,2002
MN,117000,73,8541000,1110000,1.47,12555000,2002
MS,18000,78,1404000,281000,1.23,1727000,2002
MO,18000,50,9.00E+05,189000,1.42,1278000,2002
MT,134000,63,8442000,1097000,1.38,11650000,2002
NE,43000,75,3225000,1161000,1.49,4805000,2002
NV,9000,62,558000,61000,2.67,1490000,2002
NJ,11000,40,440000,92000,1,440000,2002
NM,11000,44,484000,252000,1.1,532000,2002
NY,60000,98,5880000,2470000,1.25,7350000,2002
NC,16000,42,672000,74000,1.41,948000,2002
ND,320000,75,2.40E+07,8160000,1.46,35040000,2002
OH,18000,70,1260000,504000,1.44,1814000,2002
OK,3000,53,159000,51000,1.63,259000,2002
OR,43000,49,2107000,885000,1.35,2844000,2002
PA,29000,57,1653000,827000,1.34,2215000,2002
SC,5000,94,470000,14000,1.25,588000,2002
SD,225000,51,11475000,2410000,1.42,16295000,2002
TN,8000,61,488000,137000,1.4,683000,2002
TX,114000,67,7638000,985000,1.14,8707000,2002
UT,22000,59,1298000,208000,1.3,1687000,2002
VT,7000,89,623000,274000,1.2,748000,2002
VA,8000,38,304000,79000,1.9,578000,2002
WA,50000,51,2550000,561000,1.27,3239000,2002
WV,9000,51,459000,151000,1.32,606000,2002
WI,70000,95,6650000,2461000,1.34,8911000,2002
WY,38000,63,2394000,383000,1.33,3184000,2002
AL,13000,82,1066000,43000,1.24,1322000,2003
AZ,35000,72,2520000,983000,1.34,3377000,2003
AR,40000,75,3.00E+06,810000,1.26,3780000,2003
CA,480000,67,32160000,6432000,1.39,44702000,2003
CO,24000,86,2064000,722000,1.4,2890000,2003
FL,210000,71,14910000,1491000,1.32,19681000,2003
GA,52000,65,3380000,270000,1.28,4326000,2003
HI,7000,114,798000,43000,1.45,1157000,2003
ID,1.00E+05,46,4600000,1380000,1.33,6118000,2003
IL,7000,60,420000,252000,1.83,769000,2003
IN,5000,56,280000,78000,1.66,465000,2003
IA,32000,59,1888000,868000,1.42,2681000,2003
KS,16000,57,912000,447000,1.41,1286000,2003
KY,5000,48,240000,14000,1.67,401000,2003
LA,34000,90,3060000,275000,1.24,3794000,2003
ME,8000,33,264000,145000,1.41,372000,2003
MD,2000,42,84000,21000,1.93,162000,2003
MI,65000,74,4810000,1732000,1.41,6782000,2003
MN,120000,83,9960000,1892000,1.44,14342000,2003
MS,21000,69,1449000,246000,1.29,1869000,2003
MO,17000,53,901000,189000,1.41,1270000,2003
MT,145000,66,9570000,1914000,1.44,13781000,2003
NE,45000,74,3330000,1299000,1.38,4595000,2003
NV,6000,64,384000,46000,2.04,783000,2003
NJ,10000,19,190000,101000,1.6,304000,2003
NM,6000,41,246000,108000,1.2,295000,2003
NY,67000,72,4824000,1640000,1.36,6561000,2003
NC,10000,44,440000,79000,1.92,845000,2003
ND,340000,87,29580000,6803000,1.36,40229000,2003
OH,15000,50,750000,278000,1.4,1050000,2003
OK,3000,47,141000,69000,1.84,259000,2003
OR,42000,51,2142000,964000,1.27,2720000,2003
PA,27000,50,1350000,419000,1.44,1944000,2003
SC,4000,70,280000,8000,1.89,529000,2003
SD,215000,70,15050000,2709000,1.43,21522000,2003
TN,6000,40,240000,46000,1.52,365000,2003
TX,140000,67,9380000,1126000,1.4,13132000,2003
UT,25000,57,1425000,157000,1.28,1824000,2003
VT,7000,83,581000,163000,1.96,1139000,2003
VA,6000,37,222000,69000,1.68,373000,2003
WA,58000,56,3248000,942000,1.46,4742000,2003
WV,8000,47,376000,194000,1.89,711000,2003
WI,74000,77,5698000,2678000,1.47,8376000,2003
WY,39000,81,3159000,474000,1.41,4454000,2003
AL,12000,87,1044000,282000,1.41,1472000,2004
AZ,32000,55,1760000,774000,1.11,1954000,2004
AR,40000,57,2280000,388000,0.87,1984000,2004
CA,390000,45,17550000,5792000,1.05,18428000,2004
CO,23000,80,1840000,791000,1.35,2484000,2004
FL,205000,98,20090000,2009000,1.02,20492000,2004
GA,63000,49,3087000,648000,1.2,3704000,2004
HI,8000,96,768000,77000,1.59,1221000,2004
ID,1.00E+05,63,6300000,2520000,1.02,6426000,2004
IL,7000,55,385000,193000,1.86,716000,2004
IN,7000,59,413000,145000,1.47,607000,2004
IA,35000,67,2345000,1337000,1.06,2486000,2004
KS,14000,80,1120000,683000,1.18,1322000,2004
KY,5000,56,280000,34000,1.96,549000,2004
LA,35000,98,3430000,240000,0.79,2710000,2004
ME,7000,31,217000,37000,1.28,278000,2004
MI,65000,67,4355000,2439000,1.16,5052000,2004
MN,135000,75,10125000,1924000,1.08,10935000,2004
MS,18000,65,1170000,421000,0.79,924000,2004
MO,16000,41,656000,151000,1.36,892000,2004
MT,140000,77,10780000,3773000,1.08,11642000,2004
NE,51000,89,4539000,2043000,1.01,4584000,2004
NV,14000,55,770000,316000,1.78,1371000,2004
NJ,12000,27,324000,45000,1.4,454000,2004
NM,8000,44,352000,127000,1.19,419000,2004
NY,64000,67,4288000,1887000,1.36,5832000,2004
NC,9000,40,360000,72000,1.93,695000,2004
ND,390000,78,30420000,9126000,1.05,31941000,2004
OH,16000,58,928000,353000,1.53,1420000,2004
OR,42000,54,2268000,1111000,1.21,2744000,2004
PA,30000,54,1620000,810000,1.42,2300000,2004
SD,215000,105,22575000,13545000,1.01,22801000,2004
TN,6000,54,324000,91000,1.73,561000,2004
TX,116000,76,8816000,1411000,0.97,8552000,2004
UT,24000,70,1680000,554000,1.1,1848000,2004
VT,6000,68,408000,192000,1.51,616000,2004
VA,7000,38,266000,69000,2.1,559000,2004
WA,56000,63,3528000,1376000,0.98,3457000,2004
WV,9000,55,495000,183000,1.41,698000,2004
WI,68000,86,5848000,2632000,1.19,6959000,2004
WY,39000,75,2925000,380000,1.1,3218000,2004
AL,13000,66,858000,266000,1.02,875000,2005
AZ,36000,50,1800000,720000,1.04,1872000,2005
AR,36000,69,2484000,571000,0.97,2409000,2005
CA,4.00E+05,75,3.00E+07,9300000,0.86,25800000,2005
CO,28000,70,1960000,902000,0.97,1901000,2005
FL,160000,86,13760000,2477000,0.87,11971000,2005
GA,59000,49,2891000,434000,0.89,2573000,2005
HI,9000,131,1179000,283000,1.43,1686000,2005
ID,95000,37,3515000,1793000,0.8,2812000,2005
IL,8000,85,680000,408000,1.84,1251000,2005
IN,8000,64,512000,189000,1.18,604000,2005
IA,28000,88,2464000,1232000,1.21,2981000,2005
KS,16000,50,8.00E+05,328000,1.05,840000,2005
KY,5000,50,250000,40000,2.08,520000,2005
LA,35000,97,3395000,611000,0.72,2444000,2005
ME,8000,26,208000,193000,1.66,345000,2005
MI,65000,68,4420000,2519000,0.94,4155000,2005
MN,120000,74,8880000,1598000,0.9,7992000,2005
MS,16000,80,1280000,346000,0.67,858000,2005
MO,15000,50,750000,180000,1.22,915000,2005
MT,130000,67,8710000,3136000,0.86,7491000,2005
NE,40000,68,2720000,2530000,0.87,2366000,2005
NV,12000,46,552000,442000,3.11,1717000,2005
NJ,12000,32,384000,104000,1.2,461000,2005
NM,7000,49,343000,113000,1.03,353000,2005
NY,59000,73,4307000,2283000,1.34,5771000,2005
NC,10000,54,540000,146000,1.88,1015000,2005
ND,370000,91,33670000,8418000,0.83,27946000,2005
OH,15000,69,1035000,580000,1.4,1449000,2005
OR,39000,42,1638000,557000,1.08,1769000,2005
PA,28000,56,1568000,8.00E+05,1.12,1756000,2005
SD,220000,79,17380000,11818000,0.83,14425000,2005
TN,7000,55,385000,92000,1.67,643000,2005
TX,84000,71,5964000,954000,0.86,5129000,2005
UT,24000,45,1080000,346000,0.95,1026000,2005
VT,6000,91,546000,169000,1.12,612000,2005
VA,8000,37,296000,59000,2.2,651000,2005
WA,51000,55,2805000,1935000,1.01,2833000,2005
WV,8000,51,408000,102000,1.29,526000,2005
WI,64000,83,5312000,2922000,1.14,6056000,2005
WY,40000,56,2240000,291000,0.89,1994000,2005
AL,11000,72,792000,230000,1.21,958000,2006
AZ,30000,65,1950000,839000,0.91,1775000,2006
AR,32000,76,2432000,730000,0.89,2164000,2006
CA,380000,52,19760000,7706000,0.97,19167000,2006
CO,36000,75,2700000,1458000,1.04,2808000,2006
FL,170000,81,13770000,1790000,1,13770000,2006
GA,63000,74,4662000,746000,1.2,5594000,2006
HI,10000,93,930000,233000,1.21,1125000,2006
ID,95000,44,4180000,2592000,0.97,4055000,2006
IL,10000,66,660000,356000,2.14,1412000,2006
IN,7000,54,378000,125000,1.58,597000,2006
IA,26000,84,2184000,1441000,1.37,2992000,2006
KS,14000,55,770000,246000,1.17,901000,2006
KY,5000,56,280000,70000,2.19,613000,2006
LA,30000,90,2700000,675000,0.9,2430000,2006
ME,11000,23,253000,86000,1.6,405000,2006
MI,72000,55,3960000,2099000,1.15,4554000,2006
MN,125000,80,1.00E+07,3300000,0.94,9400000,2006
MS,14000,98,1372000,453000,0.93,1276000,2006
MO,15000,46,690000,117000,0.98,676000,2006
MT,132000,79,10428000,1981000,0.95,9907000,2006
NE,47000,73,3431000,3843000,0.93,3191000,2006
NV,9000,37,333000,50000,3.62,1205000,2006
NJ,9000,36,324000,152000,1.14,369000,2006
NM,7000,48,336000,104000,1.19,4.00E+05,2006
NY,58000,64,3712000,2376000,1.3,4826000,2006
NC,10000,50,5.00E+05,215000,1.57,785000,2006
ND,350000,74,25900000,7770000,0.91,23569000,2006
OH,14000,56,784000,282000,1.4,1098000,2006
OR,46000,48,2208000,729000,1.05,2318000,2006
PA,28000,40,1120000,605000,1.63,1826000,2006
SD,225000,47,10575000,10575000,0.94,9941000,2006
TN,7000,55,385000,58000,1.84,708000,2006
TX,82000,70,5740000,976000,0.89,5109000,2006
UT,26000,50,1300000,299000,0.98,1274000,2006
VT,6000,56,336000,144000,1.2,403000,2006
VA,8000,42,336000,114000,2.2,739000,2006
WA,49000,52,2548000,1605000,1.24,3160000,2006
WV,6000,42,252000,68000,2.02,509000,2006
WI,64000,93,5952000,2500000,1.12,6666000,2006
WY,39000,85,3315000,497000,0.98,3249000,2006
AL,11000,56,616000,209000,1.49,918000,2007
AZ,30000,64,1920000,902000,1.26,2419000,2007
AR,28000,80,2240000,672000,0.95,2128000,2007
CA,340000,40,13600000,3672000,1.04,14144000,2007
CO,31000,51,1581000,838000,1.15,1818000,2007
FL,160000,71,11360000,1363000,0.99,11246000,2007
GA,60000,58,3480000,522000,1.19,4141000,2007
HI,10000,92,920000,285000,1.7,1564000,2007
ID,92000,41,3772000,1848000,1.15,4338000,2007
IL,9000,63,567000,374000,2.49,1412000,2007
IN,8000,53,424000,119000,1.5,636000,2007
IA,26000,81,2106000,1221000,1.31,2759000,2007
KS,14000,40,560000,196000,1.18,661000,2007
KY,4000,61,244000,54000,2.12,517000,2007
LA,29000,89,2581000,413000,1.08,2787000,2007
ME,9000,26,234000,59000,1.32,309000,2007
MI,72000,64,4608000,2350000,1.19,5484000,2007
MN,130000,68,8840000,2564000,1.04,9194000,2007
MS,15000,92,1380000,166000,0.91,1256000,2007
MO,14000,46,644000,148000,1.12,721000,2007
MT,135000,68,9180000,2479000,0.99,9088000,2007
NE,45000,49,2205000,1477000,1.03,2271000,2007
NV,10000,28,280000,67000,2.99,837000,2007
NJ,9000,57,513000,185000,1.96,1005000,2007
NM,6000,59,354000,138000,1.42,503000,2007
NY,53000,57,3021000,1843000,1.38,4169000,2007
NC,12000,45,540000,76000,2.49,1345000,2007
ND,420000,74,31080000,9013000,0.96,29837000,2007
OH,14000,61,854000,376000,1.77,1512000,2007
OR,46000,43,1978000,1088000,1.31,2591000,2007
PA,25000,42,1050000,326000,1.7,1785000,2007
SD,255000,52,13260000,10608000,1.02,13525000,2007
TN,7000,65,455000,114000,1.99,905000,2007
TX,105000,82,8610000,1550000,0.96,8266000,2007
UT,28000,42,1176000,270000,1.13,1329000,2007
VT,5000,64,320000,96000,1.7,544000,2007
VA,6000,46,276000,63000,2.43,671000,2007
WA,46000,44,2024000,648000,1.25,2530000,2007
WV,6000,48,288000,95000,2.09,602000,2007
WI,60000,84,5040000,3024000,1.22,6149000,2007
WY,43000,80,3440000,894000,1,3440000,2007
AL,9000,66,594000,214000,1.9,1129000,2008
AZ,25000,64,1600000,336000,1.26,2016000,2008
AR,28000,75,2100000,525000,1.35,2835000,2008
CA,360000,51,18360000,4039000,1.39,25520000,2008
CO,27000,45,1215000,656000,1.51,1835000,2008
FL,150000,79,11850000,1304000,1.32,15642000,2008
GA,65000,71,4615000,369000,1.52,7015000,2008
HI,10000,90,9.00E+05,225000,1.59,1431000,2008
ID,90000,40,3600000,1440000,1.46,5256000,2008
IL,8000,56,448000,116000,2.59,1160000,2008
IN,7000,67,469000,150000,1.68,788000,2008
IA,24000,62,1488000,580000,1.58,2351000,2008
KS,10000,61,610000,128000,1.55,946000,2008
KY,4000,39,156000,27000,2.44,381000,2008
LA,40000,77,3080000,493000,1.36,4189000,2008
ME,7000,42,294000,79000,1.57,462000,2008
MI,71000,73,5183000,2021000,1.44,7464000,2008
MN,122000,78,9516000,2569000,1.39,13227000,2008
MS,14000,98,1372000,110000,1.3,1784000,2008
MO,11000,53,583000,152000,1.68,979000,2008
MT,134000,70,9380000,4596000,1.37,12851000,2008
NE,36000,67,2412000,1254000,1.45,3497000,2008
NV,10000,29,290000,52000,1.42,412000,2008
NJ,9000,40,360000,122000,1.62,583000,2008
NM,6000,48,288000,95000,1.48,426000,2008
NY,50000,70,3500000,1260000,1.65,5775000,2008
NC,12000,52,624000,137000,2.18,1360000,2008
ND,4.00E+05,90,3.60E+07,8640000,1.36,48960000,2008
OH,14000,53,742000,371000,1.68,1247000,2008
OR,50000,43,2150000,1097000,1.41,3032000,2008
PA,23000,48,1104000,276000,1.65,1822000,2008
SD,225000,95,21375000,11970000,1.34,28643000,2008
TN,7000,61,427000,149000,2.09,892000,2008
TX,77000,64,4928000,1380000,1.34,6604000,2008
UT,28000,48,1344000,242000,1.57,2110000,2008
VT,5000,66,330000,119000,2.2,726000,2008
VA,6000,42,252000,45000,2.42,610000,2008
WA,49000,44,2156000,862000,1.51,3256000,2008
WV,6000,43,258000,49000,2.16,557000,2008
WI,58000,80,4640000,2366000,1.5,6960000,2008
WY,39000,61,2379000,381000,1.37,3259000,2008
AL,9000,50,450000,68000,1.86,837000,2009
AZ,20000,52,1040000,562000,1.45,1508000,2009
AR,24000,57,1368000,301000,1.42,1943000,2009
CA,355000,33,11715000,2109000,1.39,16284000,2009
CO,28000,53,1484000,326000,1.43,2122000,2009
FL,170000,68,11560000,1618000,1.42,16415000,2009
GA,65000,41,2665000,346000,1.47,3918000,2009
HI,10000,95,950000,323000,1.76,1672000,2009
ID,103000,46,4738000,1706000,1.52,7202000,2009
IL,8000,34,272000,57000,2.55,694000,2009
IN,9000,32,288000,101000,2.02,582000,2009
IA,26000,42,1092000,339000,1.6,1747000,2009
KS,9000,63,567000,164000,1.85,1049000,2009
KY,5000,35,175000,25000,2.71,474000,2009
LA,37000,103,3811000,610000,1.36,5183000,2009
ME,6000,50,3.00E+05,51000,1.95,585000,2009
MI,66000,60,3960000,1505000,1.55,6138000,2009
MN,122000,65,7930000,1427000,1.44,11419000,2009
MS,14000,104,1456000,87000,1.32,1922000,2009
MO,11000,47,517000,57000,1.99,1029000,2009
MT,146000,70,10220000,3577000,1.46,14921000,2009
NE,48000,56,2688000,1102000,1.46,3924000,2009
NJ,11000,32,352000,70000,2.36,831000,2009
NM,7000,60,420000,143000,1.59,668000,2009
NY,45000,65,2925000,936000,1.93,5645000,2009
NC,11000,45,495000,84000,2.57,1272000,2009
ND,450000,77,34650000,7623000,1.38,47817000,2009
OH,11000,50,550000,132000,2.81,1546000,2009
OR,55000,34,1870000,767000,1.54,2880000,2009
PA,21000,40,840000,319000,2.03,1705000,2009
SD,270000,66,17820000,6237000,1.42,25304000,2009
TN,7000,51,357000,86000,2.37,846000,2009
TX,89000,63,5607000,1065000,1.39,7794000,2009
UT,26000,38,988000,198000,1.46,1442000,2009
VT,5000,49,245000,69000,2.01,492000,2009
VA,6000,39,234000,56000,3.45,807000,2009
WA,62000,44,2728000,1064000,1.58,4310000,2009
WV,5000,37,185000,33000,2.6,481000,2009
WI,63000,60,3780000,1588000,1.58,5972000,2009
WY,37000,48,1776000,391000,1.43,2540000,2009
AL,9000,54,486000,73000,2.4,1166000,2010
AZ,24000,77,1848000,665000,1.52,2809000,2010
AR,25000,60,1500000,360000,1.47,2205000,2010
CA,410000,67,27470000,6318000,1.55,42579000,2010
CO,34000,56,1904000,533000,1.52,2894000,2010
FL,2.00E+05,69,13800000,1794000,1.56,21528000,2010
GA,55000,46,2530000,152000,1.67,4225000,2010
HI,10000,77,770000,239000,2.75,2118000,2010
ID,97000,27,2619000,1179000,1.61,4217000,2010
IL,9000,41,369000,92000,2.78,1026000,2010
IN,10000,43,430000,151000,2.23,959000,2010
IA,27000,49,1323000,463000,1.92,2540000,2010
KS,9000,52,468000,103000,2.02,945000,2010
KY,5000,67,335000,67000,2.72,911000,2010
LA,36000,80,2880000,288000,1.5,4320000,2010
ME,5000,41,205000,33000,2.05,420000,2010
MI,71000,58,4118000,1524000,1.67,6877000,2010
MN,128000,66,8448000,1774000,1.55,13094000,2010
MS,16000,98,1568000,78000,1.44,2258000,2010
MO,11000,52,572000,92000,1.8,1030000,2010
MT,157000,74,11618000,2905000,1.58,18356000,2010
NE,41000,55,2255000,902000,1.51,3405000,2010
NJ,13000,35,455000,73000,1.9,865000,2010
NM,7000,66,462000,157000,1.58,730000,2010
NY,45000,64,2880000,1123000,1.96,5645000,2010
NC,13000,46,598000,144000,2.66,1591000,2010
ND,510000,91,46410000,12995000,1.5,69615000,2010
OH,18000,62,1116000,346000,2.28,2544000,2010
OR,59000,39,2301000,874000,1.63,3751000,2010
PA,30000,37,1110000,377000,2.13,2364000,2010
SD,265000,58,15370000,4765000,1.51,23209000,2010
TN,8000,63,504000,106000,2.5,1260000,2010
TX,1.00E+05,72,7200000,792000,1.51,10872000,2010
UT,26000,30,780000,195000,1.53,1193000,2010
VT,4000,65,260000,73000,3.1,806000,2010
VA,5000,37,185000,37000,3.32,614000,2010
WA,71000,37,2627000,1077000,1.57,4124000,2010
WV,5000,40,2.00E+05,40000,2.39,478000,2010
WI,64000,64,4096000,1556000,1.68,6881000,2010
WY,34000,36,1224000,282000,1.59,1946000,2010
AL,9000,50,450000,63000,2.51,1130000,2011
AZ,23000,53,1219000,427000,1.55,1889000,2011
AR,22000,64,1408000,239000,1.62,2281000,2011
CA,370000,48,17760000,3730000,1.65,29304000,2011
CO,31000,55,1705000,443000,2,3410000,2011
FL,180000,61,10980000,988000,1.68,18446000,2011
GA,65000,43,2795000,196000,1.65,4612000,2011
HI,9000,74,666000,246000,3.65,2431000,2011
ID,87000,36,3132000,1879000,1.78,5575000,2011
IL,7000,50,350000,98000,3.9,1365000,2011
IN,8000,51,408000,147000,2.14,873000,2011
IA,25000,62,1550000,961000,1.96,3038000,2011
KS,7000,44,308000,117000,2.15,662000,2011
KY,4000,39,156000,12000,3.17,495000,2011
LA,36000,77,2772000,471000,1.67,4629000,2011
ME,4000,30,120000,17000,1.98,238000,2011
MI,74000,64,4736000,2084000,1.81,8572000,2011
MN,120000,53,6360000,2099000,1.63,10367000,2011
MS,18000,115,2070000,104000,1.53,3167000,2011
MO,8000,43,344000,76000,2.14,736000,2011
MT,145000,92,13340000,3202000,1.7,22678000,2011
NE,41000,59,2419000,653000,1.75,4233000,2011
NJ,11000,41,451000,135000,3.7,1669000,2011
NM,7000,56,392000,153000,1.69,662000,2011
NY,49000,56,2744000,1235000,1.96,5378000,2011
NC,14000,62,868000,95000,2.83,2456000,2011
ND,460000,71,32660000,7512000,1.67,54542000,2011
OH,15000,66,990000,228000,2.34,2317000,2011
OR,60000,34,2040000,755000,1.68,3427000,2011
PA,24000,44,1056000,306000,2.55,2693000,2011
SD,250000,66,16500000,4290000,1.7,28050000,2011
TN,7000,44,308000,68000,2.93,902000,2011
TX,78000,58,4524000,633000,1.78,8053000,2011
UT,23000,39,897000,170000,1.75,1570000,2011
VT,4000,43,172000,43000,2.31,397000,2011
VA,4000,40,160000,21000,4.07,651000,2011
WA,71000,38,2698000,836000,1.93,5207000,2011
WV,4000,53,212000,45000,2.57,545000,2011
WI,57000,63,3591000,1508000,1.89,6787000,2011
WY,35000,54,1890000,265000,1.72,3251000,2011
AL,8000,54,432000,65000,2.47,1067000,2012
AZ,22000,46,1012000,253000,1.79,1811000,2012
AR,25000,63,1575000,189000,1.98,3119000,2012
CA,330000,35,11550000,3119000,1.94,22407000,2012
CO,25000,48,1200000,468000,2.07,2484000,2012
FL,193000,64,12352000,1235000,1.84,22728000,2012
GA,59000,51,3009000,181000,1.92,5777000,2012
HI,10000,75,750000,263000,4.15,3113000,2012
ID,92000,32,2944000,530000,1.63,4799000,2012
IL,7000,61,427000,145000,3.55,1516000,2012
IN,8000,59,472000,203000,2.54,1199000,2012
IA,37000,61,2257000,1196000,2.17,4898000,2012
KS,6000,55,330000,125000,2.28,752000,2012
KY,5000,51,255000,41000,3.15,803000,2012
LA,41000,86,3526000,141000,1.83,6453000,2012
ME,4000,34,136000,24000,2.39,325000,2012
MI,73000,57,4161000,1332000,2.03,8447000,2012
MN,125000,67,8375000,1591000,1.92,16080000,2012
MS,18000,118,2124000,64000,1.77,3759000,2012
MO,7000,53,371000,108000,2.8,1039000,2012
MT,145000,52,7540000,2413000,1.95,14703000,2012
NE,43000,65,2795000,1146000,1.93,5394000,2012
NJ,14000,33,462000,51000,1.97,910000,2012
NM,5000,52,260000,99000,3.39,881000,2012
NY,51000,51,2601000,988000,2.23,5800000,2012
NC,13000,39,507000,106000,3.76,1906000,2012
ND,480000,69,33120000,5962000,1.92,63590000,2012
OH,18000,60,1080000,410000,2.46,2657000,2012
OR,60000,32,1920000,845000,2.16,4147000,2012
PA,16000,60,960000,269000,2.57,2467000,2012
SD,260000,63,16380000,3604000,1.95,31941000,2012
TN,6000,61,366000,59000,2.93,1072000,2012
TX,92000,52,4784000,718000,2,9568000,2012
UT,25000,38,950000,209000,1.87,1777000,2012
VT,4000,60,240000,53000,2.39,574000,2012
VA,4000,41,164000,23000,3.77,618000,2012
WA,62000,41,2542000,1017000,2.38,6050000,2012
WV,6000,48,288000,95000,2.91,838000,2012
WI,60000,69,4140000,1863000,2.05,8487000,2012
WY,50000,51,2550000,459000,1.87,4769000,2012
AL,7000,52,364000,55000,2.85,1037000,2013
AZ,29000,36,1044000,251000,1.96,2046000,2013
AR,22000,60,1320000,66000,2.02,2666000,2013
CA,330000,33,10890000,2505000,2.11,22978000,2013
CO,26000,43,1118000,324000,2.1,2348000,2013
FL,220000,61,13420000,1074000,2.03,27243000,2013
GA,67000,50,3350000,637000,2.26,7571000,2013
HI,13000,83,1079000,65000,1.97,2126000,2013
ID,83000,32,2656000,1036000,2.02,5365000,2013
IL,7000,48,336000,101000,4.19,1408000,2013
IN,6000,47,282000,82000,2.77,781000,2013
IA,39000,48,1872000,1217000,2.45,4586000,2013
KS,6000,46,276000,39000,2.5,690000,2013
KY,3000,41,123000,17000,3.25,400000,2013
LA,50000,98,4900000,490000,1.89,9261000,2013
ME,7000,43,301000,27000,3.14,945000,2013
MI,85000,55,4675000,982000,2.16,10098000,2013
MN,130000,58,7540000,1282000,1.99,15005000,2013
MS,17000,116,1972000,39000,1.86,3668000,2013
MO,10000,47,470000,85000,2.62,1231000,2013
MT,159000,94,14946000,5231000,2.09,31237000,2013
NE,46000,60,2760000,1628000,2.07,5713000,2013
NJ,11000,44,484000,34000,4.19,2028000,2013
NM,55000,48,2640000,1030000,2.12,5597000,2013
NY,10000,38,380000,84000,3.67,1395000,2013
NC,480000,69,33120000,6955000,2.04,67565000,2013
ND,17000,45,765000,390000,3.29,2517000,2013
OH,62000,35,2170000,456000,2.39,5186000,2013
OR,13000,45,585000,257000,3.03,1773000,2013
PA,265000,56,14840000,6381000,2.07,30719000,2013
SD,7000,45,315000,63000,3.55,1118000,2013
TN,106000,59,6254000,1689000,2.1,13133000,2013
TX,30000,34,1020000,92000,2.09,2132000,2013
UT,3000,51,153000,46000,3.89,595000,2013
VT,5000,35,175000,42000,4.5,788000,2013
VA,69000,39,2691000,1023000,2.3,6189000,2013
WA,6000,46,276000,83000,3.66,1010000,2013
WV,59000,60,3540000,1558000,2.38,8425000,2013
WI,47000,66,3102000,558000,2.11,6545000,2013
WY,33000,39,1295000,186000,3.83,4960000,2013
AL,7000,53,371000,26000,3.4,1261000,2014
AZ,26000,39,1014000,193000,2.02,2048000,2014
AR,21000,65,1365000,137000,2,2730000,2014
CA,320000,39,12480000,2995000,2.03,25334000,2014
CO,27000,37,999000,200000,2,1998000,2014
FL,245000,60,14700000,1029000,2.08,30576000,2014
GA,73000,62,4526000,362000,2.19,9912000,2014
HI,15000,93,1395000,140000,2.28,3181000,2014
ID,100000,34,3400000,850000,2.03,6902000,2014
IL,8000,49,392000,94000,4.41,1729000,2014
IN,5000,62,310000,115000,3.24,1004000,2014
IA,35000,43,1505000,933000,2.51,3778000,2014
KS,7000,75,525000,84000,2.33,1223000,2014
KY,5000,47,235000,56000,3.93,924000,2014
LA,48000,84,4032000,524000,2.26,9112000,2014
ME,8000,47,376000,41000,5.36,2015000,2014
MI,91000,63,5733000,1835000,2.5,14333000,2014
MN,132000,60,7920000,1426000,2.06,16315000,2014
MS,20000,112,2240000,45000,2.01,4502000,2014
MO,12000,47,564000,96000,3.57,2013000,2014
MT,162000,88,14256000,5132000,2.05,29225000,2014
NE,50000,75,3750000,1688000,2.1,7875000,2014
NJ,12000,30,360000,119000,2.98,1073000,2014
NY,60000,55,3300000,1518000,2.72,8976000,2014
NC,12000,43,516000,88000,3.47,1791000,2014
ND,490000,86,42140000,9271000,2,84280000,2014
OH,15000,61,915000,256000,3.52,3221000,2014
OR,71000,40,2840000,767000,2.19,6220000,2014
PA,17000,46,782000,203000,2.75,2151000,2014
SC,9000,54,486000,19000,3.83,1861000,2014
SD,280000,87,24360000,5846000,2.09,50912000,2014
TN,7000,63,441000,88000,3.23,1424000,2014
TX,116000,78,9048000,2081000,2.23,20177000,2014
UT,29000,28,812000,130000,2.13,1730000,2014
VT,3000,58,174000,61000,5.03,875000,2014
VA,6000,41,246000,57000,5.07,1247000,2014
WA,68000,44,2992000,1167000,2.48,7420000,2014
WV,6000,31,186000,33000,4.04,751000,2014
WI,53000,54,2862000,1030000,2.32,6640000,2014
WY,38000,61,2318000,255000,2.06,4775000,2014
AL,7000,47,329000,13000,3.83,1260000,2015
AZ,26000,49,1274000,306000,2.03,2586000,2015
AR,24000,72,1728000,121000,2.06,3560000,2015
CA,275000,30,8250000,1485000,2.03,16748000,2015
CO,29000,51,1479000,399000,2.26,3343000,2015
FL,220000,54,11880000,832000,1.97,23404000,2015
GA,69000,40,2760000,221000,2.43,6707000,2015
HI,14000,102,1428000,71000,1.91,2727000,2015
ID,89000,32,2848000,1082000,1.93,5497000,2015
IL,8000,51,408000,155000,4.66,1901000,2015
IN,6000,53,318000,165000,3.23,1027000,2015
IA,36000,50,1800000,990000,2.2,3960000,2015
KS,8000,36,288000,107000,3.5,1008000,2015
KY,5000,46,230000,55000,4.04,929000,2015
LA,44000,99,4356000,348000,1.95,8494000,2015
ME,10000,47,470000,47000,5.43,2552000,2015
MI,90000,58,5220000,1984000,2.44,12737000,2015
MN,122000,68,8296000,2157000,1.84,15265000,2015
MS,15000,83,1245000,87000,2.4,2988000,2015
MO,10000,52,520000,52000,3.55,1846000,2015
MT,146000,83,12118000,3757000,1.94,23509000,2015
NE,57000,48,2736000,1450000,2.04,5581000,2015
NJ,12000,27,324000,207000,4.2,1361000,2015
NY,58000,62,3596000,899000,2.94,10572000,2015
NC,12000,45,540000,103000,4.51,2435000,2015
ND,490000,74,36260000,9428000,1.8,65268000,2015
OH,17000,50,850000,357000,3.6,3060000,2015
OR,71000,38,2698000,809000,2.43,6556000,2015
PA,17000,53,901000,225000,3.62,3262000,2015
SC,14000,67,938000,38000,4.1,3846000,2015
SD,290000,66,19140000,9379000,1.79,34261000,2015
TN,7000,59,413000,78000,4.04,1669000,2015
TX,126000,66,8316000,1164000,2.1,17464000,2015
UT,27000,42,1134000,147000,1.92,2177000,2015
VT,5000,52,260000,62000,4.23,1100000,2015
VA,6000,38,228000,50000,5.53,1261000,2015
WA,73000,44,3212000,1221000,1.8,5782000,2015
WV,5000,35,175000,32000,4.44,777000,2015
WI,52000,67,3484000,1603000,2.43,8466000,2015
WY,38000,77,2926000,146000,1.9,5559000,2015
AL,7000,52,364000,33000,3.45,1256000,2016
AZ,27000,46,1242000,261000,1.97,2447000,2016
AR,24000,69,1656000,99000,1.85,3064000,2016
CA,310000,36,11160000,2009000,2.04,22766000,2016
CO,32000,40,1280000,282000,2.24,2867000,2016
FL,215000,50,10750000,538000,2.43,26123000,2016
GA,96000,39,3744000,899000,2.69,10071000,2016
HI,16000,113,1808000,127000,2.31,4176000,2016
ID,97000,34,3298000,1253000,1.82,6002000,2016
IL,10000,48,480000,77000,5.42,2602000,2016
IN,7000,62,434000,208000,3.46,1502000,2016
IA,37000,48,1776000,746000,2.08,3694000,2016
KS,7000,48,336000,54000,3.04,1021000,2016
KY,5000,46,230000,48000,4.02,925000,2016
LA,50000,86,4300000,301000,1.94,8342000,2016
ME,12000,34,408000,65000,3.38,1379000,2016
MI,89000,60,5340000,1709000,2.37,12656000,2016
MN,124000,59,7316000,1390000,1.69,12364000,2016
MS,19000,85,1615000,113000,1.73,2794000,2016
MO,8000,62,496000,30000,2.31,1146000,2016
MT,159000,77,12243000,3183000,1.77,21670000,2016
NE,48000,46,2208000,640000,1.91,4217000,2016
NJ,12000,27,324000,198000,7.09,2297000,2016
NY,64000,57,3648000,1167000,3.19,11637000,2016
NC,12000,37,444000,89000,4.78,2122000,2016
ND,485000,78,37830000,6809000,1.85,69986000,2016
OH,15000,79,1185000,664000,3.93,4657000,2016
OR,74000,35,2590000,622000,1.91,4947000,2016
PA,19000,50,950000,266000,3.03,2879000,2016
SC,16000,45,720000,36000,4.57,3290000,2016
SD,280000,71,19880000,12127000,1.76,34989000,2016
TN,6000,55,330000,69000,4.88,1610000,2016
TX,133000,70,9310000,2607000,2.08,19365000,2016
UT,31000,32,992000,169000,1.93,1915000,2016
VT,6000,52,312000,69000,3.64,1136000,2016
VA,5000,38,190000,30000,5.85,1112000,2016
WA,84000,35,2940000,412000,1.99,5851000,2016
WV,5000,32,160000,43000,3.92,627000,2016
WI,54000,62,3348000,1205000,2.67,8939000,2016
WY,40000,68,2720000,190000,1.78,4842000,2016
AL,7000,45,315000,22000,2.77,873000,2017
AZ,22000,40,880000,97000,1.96,1725000,2017
AR,29000,77,2233000,223000,1.91,4265000,2017
CA,335000,41,13735000,2198000,2.09,28706000,2017
CO,33000,43,1419000,284000,2.06,2923000,2017
FL,205000,43,8815000,529000,2.4,21156000,2017
GA,99000,32,3168000,190000,2.96,9377000,2017
HI,12000,131,1572000,16000,1.51,2374000,2017
ID,95000,44,4180000,1045000,1.79,7482000,2017
IL,11000,46,506000,167000,4.76,2409000,2017
IN,7000,48,336000,128000,3.94,1324000,2017
IA,35000,58,2030000,1035000,2.22,4507000,2017
KS,7000,79,553000,260000,4.18,2312000,2017
KY,5000,38,190000,42000,4.08,775000,2017
LA,43000,81,3483000,279000,1.88,6548000,2017
ME,12000,33,396000,51000,5.45,2158000,2017
MI,87000,45,3915000,822000,2.41,9435000,2017
MN,126000,62,7812000,1016000,1.86,14530000,2017
MS,13000,80,1040000,83000,1.81,1882000,2017
MO,8000,65,520000,57000,3.53,1836000,2017
MT,145000,72,10440000,2506000,2.3,24012000,2017
NE,42000,63,2646000,423000,1.99,5266000,2017
NJ,13000,28,364000,167000,7.86,2861000,2017
NY,57000,56,3192000,766000,3.01,9608000,2017
NC,11000,41,451000,99000,4.34,1957000,2017
ND,455000,74,33670000,4377000,1.89,63636000,2017
OH,15000,73,1095000,657000,3.12,3416000,2017
OR,78000,40,3120000,998000,1.89,5897000,2017
PA,16000,46,736000,177000,3.4,2502000,2017
SC,16000,34,544000,27000,3.06,1665000,2017
SD,255000,57,14535000,6541000,1.91,27762000,2017
TN,7000,41,287000,75000,4.68,1343000,2017
TX,120000,66,7920000,2297000,2.11,16711000,2017
UT,27000,31,837000,67000,2.06,1724000,2017
VT,7000,45,315000,120000,4.17,1314000,2017
VA,5000,35,175000,39000,5.73,1003000,2017
WA,77000,45,3465000,1594000,2.25,7796000,2017
WV,6000,40,240000,50000,3.85,924000,2017
WI,53000,56,2968000,683000,2.77,8221000,2017
WY,39000,53,2067000,186000,1.59,3287000,2017
AL,6000,45,270000,14000,3.57,964000,2018
AZ,24000,38,912000,109000,2.82,2572000,2018
AR,28000,50,1400000,84000,1.87,2618000,2018
CA,335000,41,13735000,3022000,2.06,28294000,2018
CO,31000,48,1488000,283000,2.02,3006000,2018
FL,215000,49,10535000,737000,2.4,25284000,2018
GA,98000,34,3332000,200000,2.79,9296000,2018
HI,17000,103,1751000,18000,1.83,3204000,2018
ID,96000,31,2976000,655000,1.96,5833000,2018
IL,11000,41,451000,108000,5.01,2260000,2018
IN,7000,46,322000,106000,3.75,1208000,2018
IA,38000,49,1862000,1005000,2.35,4376000,2018
KS,5000,73,365000,95000,3,1095000,2018
KY,4000,41,164000,34000,5.42,889000,2018
LA,45000,83,3735000,261000,1.9,7097000,2018
ME,12000,32,384000,92000,2.68,1029000,2018
MI,92000,44,4048000,729000,2.37,9594000,2018
MN,119000,61,7259000,1161000,1.88,13647000,2018
MS,20000,87,1740000,70000,2.05,3567000,2018
MO,9000,45,405000,36000,2.58,1045000,2018
MT,160000,92,14720000,3680000,1.92,28262000,2018
NE,40000,59,2360000,850000,1.99,4696000,2018
NJ,13000,31,403000,165000,7.35,2962000,2018
NY,56000,48,2688000,833000,3.34,8978000,2018
NC,10000,33,330000,63000,5.55,1832000,2018
ND,530000,72,38160000,4579000,1.88,71741000,2018
OH,14000,73,1022000,491000,3.61,3689000,2018
OR,93000,35,3255000,1009000,2.22,7226000,2018
PA,19000,44,836000,309000,3.73,3118000,2018
SC,16000,48,768000,15000,3.04,2335000,2018
SD,255000,47,11985000,5154000,1.98,23730000,2018
TN,7000,46,322000,84000,3.99,1285000,2018
TX,132000,56,7392000,1035000,2.06,15228000,2018
UT,26000,41,1066000,75000,2.09,2228000,2018
VT,7000,48,336000,94000,3.66,1230000,2018
VA,4000,40,160000,35000,6.83,1093000,2018
WA,77000,43,3311000,563000,2.11,6986000,2018
WV,6000,37,222000,38000,4.16,924000,2018
WI,51000,45,2295000,711000,2.76,6334000,2018
WY,39000,56,2184000,175000,1.89,4128000,2018
AL,7000,42,294000,44000,3.2,941000,2019
AZ,23000,46,1058000,201000,1.97,2084000,2019
AR,20000,55,1100000,176000,1.53,1683000,2019
CA,335000,48,16080000,3216000,1.56,25085000,2019
CO,32000,46,1472000,500000,2.14,3150000,2019
FL,205000,45,9225000,830000,2.48,22878000,2019
GA,102000,33,3366000,370000,2.61,8785000,2019
HI,16000,80,1280000,51000,1.28,1638000,2019
ID,92000,32,2944000,677000,1.67,4916000,2019
IL,11000,39,429000,116000,4.31,1849000,2019
IN,9000,55,495000,198000,3.95,1955000,2019
IA,38000,55,2090000,1170000,2.24,4682000,2019
KS,7000,79,553000,171000,2.95,1631000,2019
KY,6000,41,246000,44000,4.5,1107000,2019
LA,54000,72,3888000,428000,2.04,7932000,2019
ME,15000,35,525000,110000,2.92,1533000,2019
MI,94000,50,4700000,1363000,2.36,11092000,2019
MN,118000,59,6962000,3063000,1.63,11348000,2019
MS,22000,80,1760000,141000,1.85,3256000,2019
MO,10000,43,430000,73000,3.32,1428000,2019
MT,173000,86,14878000,5802000,1.48,22019000,2019
NE,39000,52,2028000,223000,1.46,2961000,2019
NJ,15000,28,420000,155000,3.33,1399000,2019
NY,59000,58,3422000,1027000,4.49,15365000,2019
NC,14000,42,588000,118000,4.06,2387000,2019
ND,520000,65,33800000,6422000,1.4,47320000,2019
OH,15000,67,1005000,442000,3.42,3437000,2019
OR,87000,32,2784000,1141000,2.07,5763000,2019
PA,19000,50,950000,409000,4.24,4028000,2019
SC,16000,47,752000,45000,5.01,3768000,2019
SD,270000,72,19440000,7582000,1.53,29743000,2019
TN,8000,57,456000,91000,4.65,2120000,2019
TX,126000,60,7560000,1814000,2.3,17388000,2019
UT,22000,29,638000,89000,2.06,1314000,2019
VT,6000,48,288000,84000,4.34,1250000,2019
VA,5000,39,195000,49000,7.51,1464000,2019
WA,81000,35,2835000,1191000,2.12,6010000,2019
WV,6000,37,222000,47000,4.5,999000,2019
WI,46000,47,2162000,692000,2.99,6464000,2019
WY,39000,56,2184000,306000,1.35,2948000,2019
